Ligand,Best_Run,Best_Affinity_kcal_mol,Mean_Affinity_kcal_mol,SD_Affinity,N_Success,Best_PDBQT
alllhrc,run_3,-9.365,-9.267,0.087,3,/mnt/hpc/home/25menglei/25wenshaohua/MD/yzy/docking/dc/docking_out/job1/alllhrc/run_3/out.pdbqt
fclhlqlr,run_3,-9.334,-9.237,0.115,3,/mnt/hpc/home/25menglei/25wenshaohua/MD/yzy/docking/dc/docking_out/job1/fclhlqlr/run_3/out.pdbqt
fllhttr,run_3,-9.251,-9.172,0.091,3,/mnt/hpc/home/25menglei/25wenshaohua/MD/yzy/docking/dc/docking_out/job1/fllhttr/run_3/out.pdbqt
hlltlkkhv,run_2,-8.972,-8.668,0.278,3,/mnt/hpc/home/25menglei/25wenshaohua/MD/yzy/docking/dc/docking_out/job1/hlltlkkhv/run_2/out.pdbqt
hlpllhrcc,run_3,-8.428,-8.221,0.181,3,/mnt/hpc/home/25menglei/25wenshaohua/MD/yzy/docking/dc/docking_out/job1/hlpllhrcc/run_3/out.pdbqt
hvlllrqca,run_2,-8.343,-8.063,0.260,3,/mnt/hpc/home/25menglei/25wenshaohua/MD/yzy/docking/dc/docking_out/job1/hvlllrqca/run_2/out.pdbqt
llhlpkrtt,run_2,-8.799,-8.737,0.082,3,/mnt/hpc/home/25menglei/25wenshaohua/MD/yzy/docking/dc/docking_out/job1/llhlpkrtt/run_2/out.pdbqt
llhplrc,run_1,-8.63,-8.539,0.119,3,/mnt/hpc/home/25menglei/25wenshaohua/MD/yzy/docking/dc/docking_out/job1/llhplrc/run_1/out.pdbqt
llhplrl,run_1,-9.238,-9.125,0.100,3,/mnt/hpc/home/25menglei/25wenshaohua/MD/yzy/docking/dc/docking_out/job1/llhplrl/run_1/out.pdbqt
wllvhlkk,run_1,-8.961,-8.866,0.082,3,/mnt/hpc/home/25menglei/25wenshaohua/MD/yzy/docking/dc/docking_out/job1/wllvhlkk/run_1/out.pdbqt
yhhllcrr,run_2,-9.69,-9.595,0.084,3,/mnt/hpc/home/25menglei/25wenshaohua/MD/yzy/docking/dc/docking_out/job1/yhhllcrr/run_2/out.pdbqt
ylsllqr,run_1,-10.14,-10.058,0.095,3,/mnt/hpc/home/25menglei/25wenshaohua/MD/yzy/docking/dc/docking_out/job1/ylsllqr/run_1/out.pdbqt
